nombre;coord
Universidad_Autonoma_de_Occidente;POINT(3.353740400019329 -76.52048592608172)
Universidad_ICESI;POINT(3.3416907213039626 -76.53094179612705)
Institucion_universitaria_Antonio_Jose_Camacho;POINT(3.470593445052489 -76.52747705971524)
Universidad_de_San_Buenaventura_Cali;POINT(3.343562195183882 -76.54438216439318)
Universidad_Libre_(Sede_San_Fernando);POINT(3.427567009699586 -76.54992013164862)
Universidad_Cooperativa_de_Colombia;POINT(3.391257975610888 -76.55105966842426)
